time,tp,tp_anom,tp_anom_std
1940-01-01,117.68900314335006,19.6399987706952,0.4174367135443432
1940-02-01,126.16629696062606,7.004247775382652,0.12425358985829235
1940-03-01,147.06072917111234,-27.994831493270596,-0.5963935951596979
1940-04-01,142.05606173681718,-25.538790716638346,-0.6151780245885253
1940-05-01,129.47811336091542,-7.800685042596001,-0.22319448001433964
1940-06-01,68.97444392728436,-39.700702968424764,-1.0151509724748573
1940-07-01,117.75636948745081,9.45668159562058,0.21937280645071555
1940-08-01,141.40195626668142,-0.6330256592572141,-0.01831218866528348
1940-09-01,205.8150467660079,28.903856823000496,0.907158846283638
1940-10-01,206.61257735584155,-2.855241830927355,-0.07488218168857011
1940-11-01,202.49019171847362,2.1438457410406784,0.04934892270430109
1940-12-01,107.78615056059574,-16.85926524141776,-0.36111506295054846
1941-01-01,79.79619609436962,-18.252808278285244,-0.3879527890811914
1941-02-01,131.23261169095505,12.07056250571165,0.2141287360242821
1941-03-01,106.30192556627561,-68.75363509810732,-1.464707070171679
1941-04-01,111.04055597950455,-56.554296473950984,-1.3622790825476672
1941-05-01,120.60106909717261,-16.677729306338804,-0.47718592662336584
1941-06-01,87.07739648240758,-21.59775041330154,-0.5522566528046101
1941-07-01,105.11614293200644,-3.1835449598237915,-0.07385076733703282
1941-08-01,117.81099231065613,-24.223989615282505,-0.7007524285531018
1941-09-01,148.3015814510466,-28.609608491960813,-0.8979237473782755
1941-10-01,177.37913170278205,-32.08868748398686,-0.841564767052751
1941-11-01,185.42760320711184,-14.918742770321103,-0.34341271376201943
1941-12-01,69.89142350223639,-54.75399229977711,-1.1727967436892353
1942-01-01,79.07680070065703,-18.972203671997832,-0.4032431183931464
1942-02-01,92.64062284202666,-26.521426343216746,-0.4704834176325141
1942-03-01,151.73408252524607,-23.32147813913687,-0.49683386003525465
1942-04-01,143.3567045198198,-24.23814793363573,-0.5838481598811257
1942-05-01,136.60930699147949,-0.6694914120319311,-0.019155598100241325
1942-06-01,120.57776657248144,11.902619676772318,0.30435118364235897
1942-07-01,81.94613110738447,-26.353556784445757,-0.6113406328959493
1942-08-01,105.4843669863008,-36.55061493963784,-1.0573374820100538
1942-09-01,146.13347588116892,-30.77771406183848,-0.9659705883045786
1942-10-01,218.9931325676868,9.525313380917908,0.249812901837039
1942-11-01,128.10799399308922,-72.23835198434372,-1.662845782286083
1942-12-01,121.19273514516445,-3.4526806568490542,-0.07395429011242828
1943-01-01,71.13447077712729,-26.914533595527573,-0.5720527064115571
1943-02-01,39.96853207544276,-79.19351710980064,-1.4048730299035215
1943-03-01,146.90814617015457,-28.14741449422837,-0.5996441782011904
1943-04-01,116.9586076862037,-50.636244767251824,-1.2197251378940515
1943-05-01,125.08009368252415,-12.198704720987266,-0.3490313404761099
1943-06-01,15.770993359261535,-92.90415353644758,-2.3755685606999797
1943-07-01,4.163388757858183,-104.13629913397205,-2.4157176027783476
1943-08-01,179.62048641047224,37.5855044845336,1.0872748033756643
1943-09-01,168.2431152887666,-8.668074654240797,-0.2720509117864236
1943-10-01,174.50546593653175,-34.96235325023716,-0.916930138801556
1943-11-01,298.72793990718395,98.381593929751,2.264633868670264
1943-12-01,135.01274971912972,10.367333917116213,0.22206189810167237
1944-01-01,87.09780770022807,-10.95119667242679,-0.23276129503310403
1944-02-01,44.94732897832435,-74.21472020691905,-1.3165504279343776
1944-03-01,172.2183666444917,-2.8371940198912284,-0.060442740728597316
1944-04-01,183.21442101637072,15.619568562915191,0.3762439435787036
1944-05-01,153.08848493053694,15.80968652702552,0.452349344233346
1944-06-01,96.24736686290811,-12.42778003280101,-0.3177795868258435
1944-07-01,68.7588254886591,-39.54086240317113,-0.9172551562783167
1944-08-01,114.77929028372841,-27.255691642210223,-0.788453612039354
1944-09-01,109.73730595601944,-67.17388398698796,-2.108278610401069
1944-10-01,193.02890980101608,-16.438909385752822,-0.43113034631678554
1944-11-01,137.6260807478065,-62.72026522962645,-1.4437501083019246
1944-12-01,81.11663021343607,-43.528785588577435,-0.932359739460283
1945-01-01,58.59603720011239,-39.45296717254247,-0.8385497956676312
1945-02-01,56.50303185640088,-62.65901732884252,-1.1115551719151302
1945-03-01,179.62325995785514,4.567699293472202,0.09730891232180233
1945-04-01,155.21094859907927,-12.383903854376257,-0.2983032984747448
1945-05-01,161.89355771490287,24.614759311391452,0.7042815310686898
1945-06-01,43.928774946505456,-64.74637194920366,-1.6555712502302031
1945-07-01,87.13960038557478,-21.16008750625545,-0.4908643411595546
1945-08-01,116.12326256288367,-25.91171936305497,-0.7495751344027912
1945-09-01,166.71030935377405,-10.20088058923335,-0.32015862530298295
1945-10-01,207.34949644417455,-2.1183227425943585,-0.05555558438791195
1945-11-01,190.2566194705297,-10.089726506903247,-0.23225417947048949
1945-12-01,49.85692864773533,-74.78848715427817,-1.6019232665220413
1946-01-01,66.40083562477737,-31.64816874787749,-0.6726633594052478
1946-02-01,104.90280104100408,-14.259248144239322,-0.2529554675134455
1946-03-01,168.6014100294614,-6.454150634921547,-0.13749731273747384
1946-04-01,181.6285054355851,14.033652982129581,0.3380424318087573
1946-05-01,133.62872792103775,-3.650070482473666,-0.10443641537926811
1946-06-01,79.18019516156296,-29.494951734146156,-0.7541888857693816
1946-07-01,117.73742473325738,9.437736841427153,0.21893333264027706
1946-08-01,143.1989551196266,1.1639731936879514,0.033671457724410415
1946-09-01,208.0981302441076,31.186940301100208,0.9788143138098284
1946-10-01,239.43290639432624,29.965087207557332,0.7858707729360266
1946-11-01,183.97246789163137,-16.37387808580158,-0.3769082954791474
1946-12-01,66.75528848398437,-57.89012731802913,-1.239970821463117
1947-01-01,113.51677945511766,15.467775082462794,0.32875853362580415
1947-02-01,135.46170616874613,16.29965698350273,0.2891518059622547
1947-03-01,150.68241543330564,-24.373145231077302,-0.5192382641490735
1947-04-01,161.26393591517405,-6.330916538281485,-0.15249902679681296
1947-05-01,127.55488652296587,-9.723911880545543,-0.27822216177585307
1947-06-01,104.38174761054901,-4.293399285160106,-0.10978265203564663
1947-07-01,60.59614561661086,-47.70354227521937,-1.1066101613700874
1947-08-01,108.26511350167797,-33.769868424260665,-0.9768959484398867
1947-09-01,115.62135526524304,-61.28983467776436,-1.9236054224760673
1947-10-01,145.3802526918521,-64.08756649491681,-1.680774197922144
1947-11-01,273.26906958716756,72.92272360973462,1.678599248963232
1947-12-01,203.19907496770173,78.55365916568823,1.682570928709581
1948-01-01,117.422719135872,19.373714763217137,0.4117770023473692
1948-02-01,160.8056425584414,41.643593373198,0.7387468486487349
1948-03-01,127.5370632780103,-47.518497386372644,-1.0123199884113538
1948-04-01,188.07086918676475,20.476016733309223,0.4932259974718494
1948-05-01,148.1510599105587,10.872261507047284,0.31107892965741096
1948-06-01,77.41901207415518,-31.256134821553943,-0.7992225146527349
1948-07-01,103.64794568515023,-4.651742206679998,-0.10790949578308914
1948-08-01,155.08661017945363,13.051628253514991,0.37755796383981594
1948-09-01,224.1935268372585,47.2823368942511,1.483974628342712
1948-10-01,267.8856291360625,58.4178099492936,1.5320779525881987
1948-11-01,244.8417040490893,44.49535807165634,1.0242332011782114
1948-12-01,155.8572268759975,31.211811073983995,0.6685377422672621
1949-01-01,81.3706831837259,-16.67832118892896,-0.3544879847412052
1949-02-01,71.69952958382495,-47.46251960141845,-0.8419731330640465
1949-03-01,181.42648620964044,6.370925545257506,0.13572431008717545
1949-04-01,163.90797114427923,-3.6868813091763,-0.08880954411023809
1949-05-01,138.2698868321979,0.9910884286864814,0.028357184693524412
1949-06-01,78.68749219702244,-29.987654698686683,-0.7667873501842902
1949-07-01,71.00345540031778,-37.296232491512455,-0.8651850132598796
1949-08-01,75.10212684957219,-66.93285507636645,-1.9362359995054679
1949-09-01,113.97728669605749,-62.93390324694991,-1.9752051572646347
1949-10-01,143.21240240335754,-66.25541678341136,-1.73762870230013
1949-11-01,150.02537430003065,-50.3209716774023,-1.1583322877083495
1949-12-01,81.43095776386197,-43.214458038151534,-0.9256270372022815
1950-01-01,91.7211596071134,-6.327844765541457,-0.1344946480693135
1950-02-01,96.66241742776832,-22.499631757475086,-0.39913779552197354
1950-03-01,214.70333807959526,39.64777741521232,0.8446445022694244
1950-04-01,158.47212446095548,-9.122727992500046,-0.2197481410749952
1950-05-01,147.05981427942555,9.781015875914136,0.2798560306583215
1950-06-01,54.26157632842613,-54.41357056728299,-1.3913604784564932
1950-07-01,48.15527161388696,-60.14441627794327,-1.3952092240625635
1950-08-01,22.4813284606267,-119.55365346531194,-3.458452316845425
1950-09-01,112.0633504007,-64.8478395423074,-2.035274796143251
1950-10-01,252.6821503607133,43.2143311739444,1.133348273153566
1950-11-01,227.0875934598908,26.74124748245785,0.6155535026451135
1950-12-01,185.03862656054338,60.393210758529875,1.2935853248974845
1951-01-01,150.09842942282833,52.04942505017347,1.106280157574976
1951-02-01,166.99143030008506,47.82938111484165,0.8484811638313032
1951-03-01,228.78875064167326,53.73318997729032,1.1447159579316804
1951-04-01,154.69856210399826,-12.896290349457274,-0.31064565702128405
1951-05-01,173.57119370374153,36.29239530023011,1.0384039675077081
1951-06-01,92.57282376236604,-16.102323133343077,-0.41173802390648706
1951-07-01,44.61239235318157,-63.68729553864866,-1.4773957033765026
1951-08-01,140.48308019932142,-1.551901726617217,-0.04489346804857784
1951-09-01,174.74574419000965,-2.165445752997755,-0.06796336153367796
1951-10-01,253.3927324782932,43.92491329152429,1.1519841514378177
1951-11-01,276.2816425369065,75.93529655947353,1.7479452969515386
1951-12-01,109.94020619524157,-14.70520960677193,-0.314976519842919
1952-01-01,140.1595730551841,42.110568682529234,0.8950355649994838
1952-02-01,215.29231935095098,96.13027016570757,1.705326759586845
1952-03-01,281.54004831468194,106.484487650299,2.268513973151295
1952-04-01,203.93005206242086,36.335199608965326,0.8752417671800908
1952-05-01,121.90708510069813,-15.37171330281329,-0.4398179824997975
1952-06-01,80.9340009633594,-27.741145932349724,-0.7093438948219496
1952-07-01,100.17502586391852,-8.124662027911711,-0.18847308038286462
1952-08-01,169.82749662000091,27.792514694062277,0.8039828482743006
1952-09-01,208.9515046769359,32.04031473392851,1.0055978040088405
1952-10-01,235.3288998814178,25.861080694648905,0.6782382221580526
1952-11-01,264.95547030705615,64.6091243296232,1.4872295247266376
1952-12-01,225.92795290820408,101.28253710619057,2.1694094753928654
1953-01-01,195.73144029523556,97.6824359225807,2.0761831759058005
1953-02-01,279.0503898959273,159.8883407106839,2.8363788584996024
1953-03-01,227.96955987327456,52.913999208891624,1.1272641605309932
1953-04-01,204.37991542890973,36.785062975454196,0.8860780695016048
1953-05-01,230.65606983811094,93.37727143459952,2.6717258073103136
1953-06-01,148.98722806967254,40.31208117396342,1.0307839747518226
1953-07-01,115.46510175399615,7.16541386216592,0.1662207754834581
1953-08-01,131.74864174494434,-10.286340180994301,-0.2975636126514681
1953-09-01,144.5303451786993,-32.38084476430811,-1.0162854721417058
1953-10-01,247.0492632970118,37.5814441102429,0.9856189747220232
1953-11-01,289.90962043186977,89.56327445443682,2.061646052038519
1953-12-01,103.95148761898233,-20.693928183031176,-0.4432511780021683
1954-01-01,116.23780898706731,18.188804614412447,0.3865924285529758
1954-02-01,192.69583945712154,73.53379027187813,1.3044709025400627
1954-03-01,220.3575473527121,45.30198668832915,0.9651001012606185
1954-04-01,166.23770903411724,-1.3571434193382856,-0.032690851225305725
1954-05-01,106.56461226294913,-30.71418614056229,-0.8787993320167524
1954-06-01,87.69656370766391,-20.978583188045206,-0.5364244845091664
1954-07-01,105.23587644919665,-3.063811442633579,-0.071073230901377
1954-08-01,166.62347104456146,24.588489118622817,0.7112966830804808
1954-09-01,185.9887239688638,9.077534025856409,0.28490195424174264
1954-10-01,195.32416462161513,-14.143654565153781,-0.3709345034862534
1954-11-01,178.06774402107482,-22.27860195635813,-0.5128284115117905
1954-12-01,157.58806751104464,32.94265170903114,0.7056112811156168
1955-01-01,135.02320691306736,36.97420254041249,0.7858650998197778
1955-02-01,138.76594777578964,19.603898590546237,0.3477682191161796
1955-03-01,213.29401781206343,38.23845714768049,0.8146207608767758
1955-04-01,185.77689921357694,18.18204676012141,0.43796888165032055
1955-05-01,159.01333161585558,21.73453321234416,0.6218720294684746
1955-06-01,94.88176397603277,-13.793382919676347,-0.3526981901495311
1955-07-01,129.88592768378325,21.58623979195302,0.5007500734794581
1955-08-01,110.01531934409994,-32.0196625818387,-0.9262659319139853
1955-09-01,179.91420989226987,3.003019949262466,0.0942509551310768
1955-10-01,257.10628595614554,47.638466769376635,1.2493765975790412
1955-11-01,218.65486092746661,18.30851495003367,0.4214414646555528
1955-12-01,143.06838004571938,18.422964243705877,0.3946085311154457
1956-01-01,70.83508284854912,-27.213921524105743,-0.5784160221347229
1956-02-01,111.26222060822654,-7.899828577016862,-0.1401409675153654
1956-03-01,202.4534129795197,27.39785231513676,0.5836757276358908
1956-04-01,146.8277431579601,-20.76710929549543,-0.5002378309358927
1956-05-01,124.66974581344633,-12.60905259006509,-0.36077228101706244
1956-06-01,127.37257754610056,18.69743065039144,0.4780951844258789
1956-07-01,124.87213176444227,16.57244387261204,0.38444178175201543
1956-08-01,136.40813097120616,-5.626850954732475,-0.16277374347731435
1956-09-01,164.32433505050525,-12.586854892502146,-0.39504336160202735
1956-10-01,231.0572940536005,21.58947486683158,0.5662101759744191
1956-11-01,289.47719571471566,89.13084973728272,2.0516921204035365
1956-12-01,204.34234852214783,79.69693272013433,1.7070591430932809
1957-01-01,106.94905173479685,8.90004736214199,0.1891653133290927
1957-02-01,36.21795185354504,-82.94409733169837,-1.4714073775689773
1957-03-01,233.02381132857377,57.96825066419083,1.2349384359411386
1957-04-01,95.77268843462883,-71.8221640188267,-1.7300512570467823
1957-05-01,118.56747239679422,-18.7113260067172,-0.5353715289930756
1957-06-01,137.2876406760091,28.61249378029997,0.7316243470324325
1957-07-01,134.8332613235906,26.53357343176036,0.6155165963911717
1957-08-01,157.8317760699033,15.79679414396466,0.45697021983335906
1957-09-01,140.40126209411264,-36.50992784889476,-1.1458783590066246
1957-10-01,234.45377079466576,24.98595160789685,0.6552868999389341
1957-11-01,175.91961012284926,-24.426735854583683,-0.5622760427814558
1957-12-01,178.08953517287307,53.44411937085957,1.1447400734601418
1958-01-01,180.40021593348447,82.35121156082961,1.750326948168684
1958-02-01,73.57120623060348,-45.590842954639925,-0.8087700611747947
1958-03-01,175.9936969654568,0.9381363010738539,0.019985777784793917
1958-04-01,258.70530715515565,91.11045470170012,2.194667326446219
1958-05-01,150.08870666856862,12.809908265057203,0.3665191965370454
1958-06-01,158.36331364567582,49.6881667499667,1.2705314270338965
1958-07-01,105.22233172138088,-3.077356170449349,-0.07138743678041733
1958-08-01,163.84238708392704,21.8074051579884,0.6308453878819743
1958-09-01,166.82744832033234,-10.083741622675063,-0.31648217304235204
1958-10-01,190.94915528118602,-18.518663905582883,-0.48567443226237345
1958-11-01,238.74028719737774,38.39394121994479,0.8837854334877653
1958-12-01,139.07240924850024,14.426993446486733,0.30901730128881316
1959-01-01,95.98145650750985,-2.0675478651450163,-0.04394452341868493
1959-02-01,114.1809301647167,-4.981119020526705,-0.08836379575079376
1959-03-01,140.04754844782985,-35.008012216553084,-0.745800319256914
1959-04-01,222.4182684931281,54.823416039672566,1.3205856594653982
1959-05-01,163.38880652246831,26.110008118956898,0.7470638352220144
1959-06-01,126.00148164185282,17.3263347461437,0.44303612409487203
1959-07-01,155.53953389559845,47.23984600376822,1.0958534967430285
1959-08-01,169.31018762694887,27.275205701010236,0.7890181154226616
1959-09-01,194.69927517582963,17.788085232822226,0.5582860092415478
1959-10-01,223.77312313443815,14.305303947669245,0.37517395469499276
1959-11-01,201.56239130967978,1.2160453322468356,0.0279919986579093
1959-12-01,157.6739852239579,33.02856942194441,0.707451585533571
1960-01-01,113.09204595186071,15.043041579205848,0.319731070854457
1960-02-01,219.1721255642509,100.0100763790075,1.7741535437636353
1960-03-01,218.49477915594832,43.439218491565384,0.9254162395419244
1960-04-01,181.50975724457584,13.914904791120307,0.33518202708642436
1960-05-01,174.3699536956512,37.091155292139774,1.0612582194198206
1960-06-01,175.84294363145287,67.16779673574375,1.7174873258419099
1960-07-01,166.03000679229757,57.73031890046734,1.3392078337876219
1960-08-01,151.71605536952023,9.681073443581596,0.28005443505931865
1960-09-01,257.1817531693093,80.27056322630187,2.519323008442394
1960-10-01,231.62575938676062,22.157940199991714,0.581118869136681
1960-11-01,207.38248202368297,7.0361360462500215,0.16196395441902767
1960-12-01,146.98417060166,22.338754799646495,0.478482349627761
1961-01-01,129.33458905082313,31.285584678168263,0.6649568465785367
1961-02-01,128.5292678238565,9.367218638613082,0.1661720972987132
1961-03-01,195.12933329398754,20.073772629604605,0.4276457041674295
1961-04-01,206.91559912220424,39.32074666874871,0.9471575819471958
1961-05-01,162.91648421532702,25.6376858118156,0.7335496718932906
1961-06-01,192.5756856613811,83.90053876567198,2.1453452244126803
1961-07-01,240.79104686298948,132.49135897115923,3.073488406486318
1961-08-01,248.11947002838465,106.08448810244602,3.0688158247352653
1961-09-01,227.87992912742945,50.96873918442205,1.599673805409895
1961-10-01,222.67131925624267,13.203500069473762,0.3462778110133879
1961-11-01,298.25461312266475,97.9082671452318,2.2537384173530555
1961-12-01,131.18682787284615,6.541412070832649,0.14011301192065256
1962-01-01,80.56926513371968,-17.47973923893518,-0.37152165775084306
1962-02-01,173.74161118424777,54.57956199900437,0.9682276710862122
1962-03-01,238.90376065172583,63.848199987342895,1.3602031340706648
1962-04-01,235.71982442011108,68.12497196665555,1.6409933479071275
1962-05-01,154.7204062854031,17.441607881891684,0.4990421457289485
1962-06-01,182.29240962445527,73.61726272874616,1.8824008206973308
1962-07-01,107.9864937948463,-0.31319409698393486,-0.007265367594800006
1962-08-01,165.12649079996706,23.09150887402842,0.667991985606794
1962-09-01,209.36792795769412,32.45673801468672,1.0186674114751235
1962-10-01,341.0329374144225,131.5651182276536,3.4504548722591277
1962-11-01,279.92106036279256,79.57471438535961,1.8317206104174808
1962-12-01,202.13974949248782,77.49433369047432,1.6598808304052242
1963-01-01,155.61030356459378,57.561299191938915,1.2234318261708887
1963-02-01,125.18709217752749,6.025042992284085,0.10688274385052667
1963-03-01,185.54844679521096,10.492886130828026,0.22353733704988124
1963-04-01,155.39740034660505,-12.197452106850477,-0.29381205145382533
1963-05-01,126.76082008781738,-10.517978315694037,-0.3009421208720131
1963-06-01,82.90056230354892,-25.774584592160195,-0.6590587233348697
1963-07-01,103.21855291101382,-5.081134980816415,-0.11787039982532602
1963-08-01,100.49690352641254,-41.5380783995261,-1.201615001417164
1963-09-01,198.52676357839576,21.61557363538836,0.6784132291035322
1963-10-01,251.07215572949335,41.60433654272444,1.0911242103135093
1963-11-01,237.57365273328404,37.22730675585109,0.8569308175559366
1963-12-01,220.4536001527258,95.80818435071231,2.0521522158622716
1964-01-01,189.8612651551655,91.81226078251065,1.9514160286666253
1964-02-01,176.6263298980121,57.4642807127687,1.0194018538694636
1964-03-01,161.70114534645919,-13.354415317923753,-0.2844985069700024
1964-04-01,121.07472878654443,-46.520123666911104,-1.1205760718489988
1964-05-01,41.39127797246443,-95.887520431047,-2.7435494633622133
1964-06-01,59.77250298072264,-48.90264391498648,-1.250445529047012
1964-07-01,57.43259362233056,-50.867094269499674,-1.1799971388548132
1964-08-01,134.59483459504338,-7.4401473308952575,-0.2152288451951983
1964-09-01,156.938230574978,-19.972959368029393,-0.6268591381463477
1964-10-01,256.1341458692102,46.66632668244131,1.2238810441628214
1964-11-01,242.31942677587745,41.9730807984445,0.966173209355234
1964-12-01,241.61499885765286,116.96958305563936,2.505416324115234
1965-01-01,211.9450858094335,113.89608143677863,2.420794750328022
1965-02-01,179.3934212023754,60.231372017132,1.0684893560622344
1965-03-01,207.33269275307111,32.27713208868818,0.6876224581828428
1965-04-01,113.87639190295222,-53.71846055050331,-1.2939695074859492
1965-05-01,55.01122450149313,-82.26757390201828,-2.353853319142805
1965-06-01,66.30088209263654,-42.37426480307258,-1.0835142177950468
1965-07-01,8.437304371394665,-99.86238352043557,-2.316572796728282
1965-08-01,125.43459165473381,-16.60039027120483,-0.4802166770306554
1965-09-01,223.34361184407888,46.43242190107148,1.4572997140095336
1965-10-01,217.2324632155076,7.764644028738701,0.20363721160467813
1965-11-01,240.38152325212116,40.03517727468821,0.9215648453430831
1965-12-01,176.45215875376675,51.80674295175325,1.1096684804700312
1966-01-01,184.91920702984928,86.87020265719441,1.8463754670014525
1966-02-01,186.60590057561657,67.44385139037317,1.1964369219741415
1966-03-01,81.73544887526255,-93.32011178912039,-1.9880640104583915
1966-04-01,115.4506203056213,-52.14423214783423,-1.2560495162948946
1966-05-01,106.83576757241775,-30.443030831093665,-0.8710409918236152
1966-06-01,42.466530403962935,-66.20861649174618,-1.692960990420413
1966-07-01,26.781402397426447,-81.51828549440378,-1.8910327988878934
1966-08-01,164.68823422313542,22.653252297196786,0.6553140838481841
1966-09-01,211.49117519542875,34.57998525242135,1.0853063561098595
1966-10-01,231.4678350063287,22.000015819559792,0.5769771106276593
1966-11-01,220.69132180870477,20.344975831271825,0.4683185084160665
1966-12-01,204.68643260890224,80.04101680688873,1.7144292120060913
1967-01-01,214.60403172985414,116.55502735719928,2.477309094319157
1967-02-01,163.57320076782628,44.411151582582875,0.7878426336188877
1967-03-01,260.2150310661706,85.15947040178764,1.8142121243711216
1967-04-01,251.6434924033829,84.04863994992738,2.024562433962982
1967-05-01,135.610183013338,-1.6686153901734144,-0.04774269725287352
1967-06-01,142.18182747362528,33.50668057791616,0.8567691962565169
1967-07-01,185.562175584076,77.26248769224576,1.7923082835168196
1967-08-01,179.0812561073341,37.04627418139546,1.0716759300903536
1967-09-01,188.8065798869492,11.895389943941808,0.3733414638648916
1967-10-01,246.64178461488075,37.17396542811184,0.9749323518310834
1967-11-01,144.9627454475165,-55.383600529916436,-1.2748683215938883
1967-12-01,125.52195929954135,0.8765434975278481,0.018775021079272394
1968-01-01,148.7787315479603,50.72972717530543,1.0782307493144037
1968-02-01,138.10469826881717,18.94264908357377,0.3360378195546269
1968-03-01,209.22198198163755,34.16642131725462,0.7278713161047805
1968-04-01,145.15045803069444,-22.444394422761093,-0.5406402510313272
1968-05-01,147.87117523514232,10.5923768316309,0.3030708234138659
1968-06-01,169.03968226487083,60.364535369161715,1.543527247659435
1968-07-01,110.11683262191455,1.8171447300843226,0.04215349064415299
1968-08-01,142.9098673917374,0.8748854657987692,0.02530871770509341
1968-09-01,224.72265345776725,47.81146351475985,1.5005814741881671
1968-10-01,210.79507959052194,1.32726040375303,0.034809014642937966
1968-11-01,229.34826305212988,29.001917074696934,0.6675915792808026
1968-12-01,157.06774587169772,32.42233006968422,0.694466312526731
1969-01-01,171.13312916300686,73.08412479035199,1.553360426390154
1969-02-01,123.42849153300361,4.266442347760204,0.0756856117363274
1969-03-01,238.97790748007444,63.9223468156915,1.3617827361318218
1969-04-01,227.09795606204904,59.503103608593506,1.433309906524783
1969-05-01,164.3892162211757,27.110417817664285,0.7756877216223798
1969-06-01,142.05889861703375,33.38375172132463,0.8536258930154292
1969-07-01,144.106771283338,35.80708339150776,0.8306402510207794
1969-08-01,174.37832035306084,32.343338427122205,0.9356292382168949
1969-09-01,230.82730884094184,53.91611889793444,1.6921784699895384
1969-10-01,214.43614910529067,4.968329918521761,0.13030048089715413
1969-11-01,223.36860328315626,23.022257305723315,0.5299465229747207
1969-12-01,180.1588171603448,55.51340135833129,1.1890628173323088
1970-01-01,108.82286088774764,10.773856515092774,0.2289920334704503
1970-02-01,156.7395532620343,37.57750407679089,0.6666154495370921
1970-03-01,180.06828348503439,5.012722820651447,0.10678956168269878
1970-04-01,219.09506196201363,51.5002095085581,1.2405363081944787
1970-05-01,189.112542700906,51.83374429739459,1.48307559432026
1970-06-01,195.94326417736778,87.26811728165866,2.23145454615714
1970-07-01,176.3338796797712,68.03419178794097,1.5782334887999807
1970-08-01,231.06623545065978,89.03125352472114,2.575499251585509
1970-09-01,190.9740978235902,14.062907880582799,0.4413698616923277
1970-10-01,264.0340190439988,54.56619985722989,1.4310648042154845
1970-11-01,225.75826230003366,25.411916322600717,0.5849537913877336
1970-12-01,71.94562331077357,-52.69979249123993,-1.1287970507874037
1971-01-01,94.80832536361027,-3.240679009044598,-0.06887874133710199
1971-02-01,155.48022269635067,36.31817351110726,0.6442752427622231
1971-03-01,155.6597185428122,-19.39584212157075,-0.41320327349761315
1971-04-01,198.7571315239449,31.162279070489376,0.7506365314224002
1971-05-01,151.59344725182214,14.314648848310725,0.4095730809333286
1971-06-01,115.15348919136497,6.47834229565585,0.16565186482190333
1971-07-01,188.83193170615195,80.53224381432172,1.8681589473735147
1971-08-01,142.17681899900288,0.14183707306423798,0.004103067867314613
1971-09-01,193.09610867400963,16.184918731002227,0.5079700018278136
1971-10-01,269.08728613358755,59.61946694681865,1.563592865490265
1971-11-01,173.696749883378,-26.649596094054942,-0.6134437905536823
1971-12-01,47.43983172821722,-77.20558407379627,-1.6536959917120482
1972-01-01,179.0422171196495,80.99321274699464,1.7214634757997231
1972-02-01,151.89398244770783,32.73193326246442,0.5806562447944044
1972-03-01,245.11073232415637,70.05517165977344,1.4924346194312783
1972-04-01,238.27513488887854,70.68028243542301,1.7025456298388877
1972-05-01,165.82851407874776,28.549715675236342,0.8168691480166496
1972-06-01,172.32936139476644,63.65421449905732,1.6276446742576438
1972-07-01,147.91045602852034,39.61076813669011,0.9188768051404457
1972-08-01,168.8725084965472,26.83752657060856,0.7763569180548058
1972-09-01,233.92338333850572,57.012193395498315,1.7893499784985083
1972-10-01,275.75822157609014,66.29040238932123,1.7385462422681461
1972-11-01,255.74909111422184,55.402745136788894,1.2753090089561676
1972-12-01,89.93619870770677,-34.70921709430674,-0.74345002207942
1973-01-01,156.29394600171034,58.244941629055475,1.2379622472529508
1973-02-01,198.34405312491512,79.18200393967172,1.4046687891677503
1973-03-01,190.17970971818286,15.124149053799925,0.32220039010040474
1973-04-01,207.91837472138397,40.32352226792844,0.9713124262017072
1973-05-01,206.51551763361587,69.23671923010446,1.981012367770111
1973-06-01,133.89451976021323,25.21937286450411,0.644861903552918
1973-07-01,69.7031263418645,-38.59656154996573,-0.8953495939299546
1973-08-01,116.77895117924398,-25.256030746694663,-0.7306073509126912
1973-09-01,185.64712831531736,8.73593837230996,0.2741808411091827
1973-10-01,235.54468980766234,26.07687062089343,0.6838975748225369
1973-11-01,230.1896211274506,29.84327515001766,0.6869586978335989
1973-12-01,102.54030779349502,-22.105108008518485,-0.47347777947134
1974-01-01,134.71442645740618,36.66542208475131,0.7793021514141876
1974-02-01,130.02998822739465,10.86793904215125,0.19279449894597867
1974-03-01,206.8094775657554,31.753916901372463,0.6764760368628795
1974-04-01,104.9026910234887,-62.69216142996683,-1.5101278855989804
1974-05-01,135.5135798346959,-1.765218568815527,-0.05050672324636284
1974-06-01,126.50192861705588,17.826781721346762,0.45583260364218736
1974-07-01,142.99137215076382,34.69168425893359,0.8047656103710609
1974-08-01,127.6932932140753,-14.341688711863341,-0.4148768784168601
1974-09-01,227.7587125275639,50.847522584556486,1.595869375033774
1974-10-01,222.27880365472024,12.810984467951329,0.33598361306825103
1974-11-01,220.13545220042258,19.78910622298963,0.45552301394197614
1974-12-01,112.7377085819396,-11.907707220073902,-0.2550557441738238
1975-01-01,132.42677137317747,34.37776700052261,0.7306793774907839
1975-02-01,166.91634456829007,47.75429538304667,0.8471491618773669
1975-03-01,238.66680911835454,63.6112484539716,1.3551551888133453
1975-04-01,213.5730418769216,45.97818942346606,1.1075219675635442
1975-05-01,150.34401017128286,13.065211767771444,0.373823982235095
1975-06-01,134.65716379593573,25.98201690022661,0.6643627883390537
1975-07-01,174.75050532895875,66.45081743712852,1.5415029220057401
1975-08-01,189.5092565184239,47.47427459248527,1.3733374948894808
1975-09-01,222.46497180153992,45.55378185853252,1.4297232527722228
1975-10-01,236.65686245831068,27.189043271541777,0.7130656521436298
1975-11-01,240.91572639512245,40.5693804176895,0.9338616021048679
1975-12-01,108.76682783208939,-15.878587969924112,-0.34010956066094694
1976-01-01,103.45956100555361,5.4105566328987464,0.11499822406571635
1976-02-01,306.26224263268494,187.10019344744154,3.319110266306291
1976-03-01,275.4396461853659,100.38408552098298,2.1385528137602403
1976-04-01,199.48371513613145,31.88886268267592,0.7681384670544624
1976-05-01,156.90414086201366,19.625342458502246,0.5615235176410911
1976-06-01,112.49913501784629,3.823988122137166,0.09777976133085771
1976-07-01,143.90024576324947,35.60055787141924,0.8258493439264247
1976-08-01,176.40998351016054,34.375001584221906,0.9944012618987947
1976-09-01,165.7408891443006,-11.17030079870679,-0.35058425756982164
1976-10-01,239.64320967722864,30.175390490459733,0.7913862317211361
1976-11-01,194.85099107577773,-5.495354901655219,-0.1264969018446462
1976-12-01,173.6234345604252,48.97801875841171,1.0490789529597344
1977-01-01,87.40743808485283,-10.641566287802036,-0.22618028188334338
1977-02-01,125.40236793196634,6.240318746722934,0.1107016814661392
1977-03-01,222.48253758222563,47.426976917842694,1.010370263467648
1977-04-01,170.5353075186119,2.940455065156357,0.07082963944709109
1977-05-01,137.23268838236066,-0.0461100211507528,-0.0013193074887648008
1977-06-01,149.55829930447752,40.883152408768396,1.0453863237285084
1977-07-01,99.90138302350282,-8.398304868327415,-0.19482095170116492
1977-08-01,175.91875885504788,33.883776929109246,0.9801910976978412
1977-09-01,191.90077884782295,14.989588904815548,0.47045410792160497
1977-10-01,193.78158776331867,-15.686231423450238,-0.41139045342378355
1977-11-01,201.02966205212215,0.683316074689202,0.01572916908474714
1977-12-01,192.97876399216037,68.33334819014686,1.4636581713350822
1978-01-01,85.4297436124254,-12.619260760229466,-0.2682150238710435
1978-02-01,144.9434068131554,25.781357627912,0.4573547851844129
1978-03-01,214.68913289742545,39.633572233042514,0.8443418792775275
1978-04-01,200.60667090032985,33.011818446874315,0.7951882094007123
1978-05-01,122.78826293880111,-14.490535464710305,-0.41460557765309386
1978-06-01,136.56199133954786,27.88684444383874,0.7130694204315048
1978-07-01,81.46006106391678,-26.83962682791345,-0.6226163164947827
1978-08-01,177.82002648798925,35.785044562050615,1.0351910350439395
1978-09-01,165.61101608691988,-11.300173856087525,-0.3546603742492775
1978-10-01,205.3359082625833,-4.131910924185604,-0.1083643778241235
1978-11-01,194.1337903859698,-6.212555591463143,-0.1430060567373028
1978-12-01,167.65111365824788,43.00569785623438,0.9211555228655011
1979-01-01,189.024562421527,90.97555804887214,1.9336324002956924
1979-02-01,159.33300022559905,40.17095104035565,0.7126225448975079
1979-03-01,176.57117948552056,1.5156188211376218,0.03228829428200882
1979-04-01,222.7405185270745,55.14566607361897,1.3283480136624426
1979-05-01,154.83335480704483,17.55455640353341,0.5022738473575306
1979-06-01,169.36887737276092,60.6937304770518,1.5519447997157392
1979-07-01,97.84800878290802,-10.451679108922207,-0.24245441226533293
1979-08-01,173.12426099430436,31.089279068365727,0.8993517647224406
1979-09-01,144.3509205816765,-32.56026936133091,-1.0219167832648839
1979-10-01,218.99051511129247,9.52269592452356,0.24974425586696375
1979-11-01,189.54464897847419,-10.80169699895876,-0.2486429410812644
1979-12-01,129.3706343396744,4.725218537660908,0.10121126663874849
1980-01-01,103.06079995999077,5.011795587335911,0.10652279072721597
1980-02-01,164.67618870225476,45.51413951701136,0.8074093615271726
1980-03-01,162.28750430085836,-12.768056363524579,-0.27200688954582664
1980-04-01,173.66491640263325,6.070063949177722,0.1462156133707767
1980-05-01,147.84505661132056,10.566258207809142,0.30232351306474203
1980-06-01,126.95377404513,18.278627149420885,0.4673863367355932
1980-07-01,167.2916857371454,58.99199784531517,1.368475822581833
1980-08-01,147.90840068013432,5.873418754195683,0.1699064655029146
1980-09-01,181.81791106608205,4.906721123074647,0.15399936071859763
1980-10-01,224.99813242648267,15.530313239713763,0.4073013098575048
1980-11-01,220.74386303066817,20.39751705323522,0.4695279483733474
1980-12-01,109.83861532306356,-14.806800478949938,-0.31715253366537416
1981-01-01,129.3527849291775,31.303780556522625,0.6653435893553047
1981-02-01,105.1469021994032,-14.015146985840204,-0.2486251744980758
1981-03-01,208.55035313703806,33.49479247265512,0.7135631342055634
1981-04-01,165.1492446341294,-2.445607819326142,-0.05890976608501459
1981-05-01,144.38475579909706,7.105957395585648,0.20331681861930156
1981-06-01,118.68336537133413,10.008218475625014,0.2559111541765903
1981-07-01,114.12622543958275,5.8265375477525225,0.135161988993356
1981-08-01,144.91987450320426,2.8848925772656173,0.0834542745328089
1981-09-01,158.74665134158613,-18.16453860142127,-0.5701011453885738
1981-10-01,259.6785129567317,50.2106937699628,1.3168363719196194
1981-11-01,195.65571855742348,-4.690627420009463,-0.10797297844403539
1981-12-01,153.725009543513,29.079593741499508,0.622866962122419
1982-01-01,119.60373610522348,21.554731732568612,0.4581332453645013
1982-02-01,122.68141474285888,3.5193655576154725,0.06243265780720662
1982-03-01,195.62772008934814,20.572159424965207,0.4382631887819262
1982-04-01,177.875634229904,10.280781776448464,0.2476433240177226
1982-05-01,189.51005772534532,52.2312593218339,1.494449359405396
1982-06-01,151.0679002752849,42.39275337957578,1.0839869725578988
1982-07-01,131.97653639197094,23.676848500140707,0.549247286256277
1982-08-01,125.3089717930013,-16.726010132937333,-0.48385061283485586
1982-09-01,188.31934199882508,11.40815205581768,0.3580493122616276
1982-10-01,244.9127078982248,35.44488871145589,0.9295852168011745
1982-11-01,179.339083726186,-21.007262251246942,-0.4835635984529994
1982-12-01,115.54820712234508,-9.097208679668427,-0.1948565989081313
1983-01-01,38.93071647973358,-59.11828789292128,-1.2565247124766423
1983-02-01,74.7295032297659,-44.43254595547751,-0.7882221644008038
1983-03-01,118.14626131675772,-56.90929934762522,-1.212378850864248
1983-04-01,120.23203041847688,-47.36282203497865,-1.1408749780557843
1983-05-01,98.85016706158503,-38.42863134192639,-1.0995263035475207
1983-06-01,136.4813729491486,27.806226053439488,0.71100800007131
1983-07-01,150.5095351903452,42.20984729851496,0.9791693384304675
1983-08-01,194.7889935864254,52.75401166048675,1.5260699155717343
1983-09-01,172.45269976099792,-4.458490182009484,-0.13993145739845203
1983-10-01,230.80836952941388,21.340550342644974,0.5596818282719661
1983-11-01,189.02965000398163,-11.316695973451317,-0.2604976394387547
1983-12-01,95.7357097432067,-28.909706058806805,-0.6192280727431011
1984-01-01,48.82237201531342,-49.226632357341444,-1.046283346044062
1984-02-01,163.00871614778046,43.84666696253706,0.7778288187582826
1984-03-01,169.17663509488852,-5.878925569494413,-0.12524288838494554
1984-04-01,165.2163919909848,-2.3784604624707413,-0.05729232151588961
1984-05-01,130.192992040836,-7.085806362675413,-0.20274025396022452
1984-06-01,106.8906341804668,-1.7845127152423146,-0.045630169816206205
1984-07-01,145.53893406846305,37.23924617663282,0.8638630645722745
1984-08-01,163.54566443152552,21.510682505586885,0.6222617844962669
1984-09-01,210.48771940859427,33.57652946558687,1.053812503941417
1984-10-01,192.75245732281573,-16.715361863953177,-0.4383806480168453
1984-11-01,225.75781000580383,25.411464028370887,0.5849433800822184
1984-12-01,125.79959734744273,1.1541815454292248,0.024721856822687144
1985-01-01,140.2516865878358,42.20268221518093,0.8969933843859318
1985-02-01,71.40451313427613,-47.757536050967275,-0.8472066505093495
1985-03-01,150.65512387142374,-24.400436792959198,-0.5198196754968138
1985-04-01,214.92421064041685,47.329358186961315,1.140068901364572
1985-05-01,177.85983420123407,40.58103579772265,1.1611112529037275
1985-06-01,143.58789323095985,34.91274633525073,0.8927224392521642
1985-07-01,107.31674074888355,-0.982947142946685,-0.02280206551955675
1985-08-01,149.76499020010075,7.730008274162117,0.2236139528163145
1985-09-01,181.86723034652496,4.956040403517562,0.1555472656165534
1985-10-01,203.28427718839828,-6.183541998370629,-0.16217089228147913
1985-11-01,188.32787796096636,-12.018468016466585,-0.2766516441993718
1985-12-01,105.09140657057581,-19.55400923143769,-0.41883481714250675
1986-01-01,89.14781921762986,-8.901185155025004,-0.1891894964528966
1986-02-01,167.48467304897463,48.322623863731224,0.8572311658567174
1986-03-01,194.40909428713127,19.35353362274833,0.41230194577486623
1986-04-01,166.17152214763362,-1.4233303058219064,-0.0342851599978872
1986-05-01,141.12992756948805,3.85112916597663,0.11018913941206378
1986-06-01,100.90019793392058,-7.774948961788539,-0.1988062278337835
1986-07-01,165.62437593874162,57.32468804691139,1.329798150504135
1986-08-01,135.29316492345396,-6.74181700248468,-0.19502752075038968
1986-09-01,184.03423661440425,7.12304667139685,0.2235596045198678
1986-10-01,215.86044418281173,6.3926249960428265,0.16765434760568027
1986-11-01,193.49664752112602,-6.849698456306925,-0.15767237035626208
1986-12-01,111.64679317798297,-12.998622624030531,-0.2784224792676951
1987-01-01,103.00465773086671,4.955653358211848,0.1053295204072824
1987-02-01,133.64215826556375,14.480109080320346,0.25687348484344075
1987-03-01,188.76105737499145,13.705496710608514,0.2919778409330331
1987-04-01,147.21016229493276,-20.384690158522773,-0.49102612424790065
1987-05-01,162.57695473728606,25.298156333774642,0.7238349987732908
1987-06-01,149.8245504231212,41.149403527412076,1.0521943916417797
1987-07-01,118.52116299765507,10.221475105824837,0.23711421996795812
1987-08-01,157.31242616462598,15.277444238687337,0.44194644740066663
1987-09-01,221.55263496573443,44.64144502272703,1.4010892045045613
1987-10-01,225.1278665940267,15.660047407257792,0.410703745826332
1987-11-01,168.72858765771673,-31.617758319716216,-0.7278053087184981
1987-12-01,102.31195660288509,-22.333459199128413,-0.47836892113090396
1988-01-01,127.08830980779932,29.039305435144456,0.6172134920163235
1988-02-01,150.816144459073,31.654095273829597,0.5615356705845348
1988-03-01,185.33407341723944,10.2785127528565,0.21897039012520694
1988-04-01,230.20596658687097,62.61111413341544,1.5081756194817657
1988-05-01,134.17719195349042,-3.101606450020995,-0.08874367251612292
1988-06-01,131.68771421958633,23.012567323877207,0.5884336636698096
1988-07-01,184.09169201026285,75.79200411843262,1.7581965176542091
1988-08-01,156.61313853830606,14.578156612367422,0.42171743020807073
1988-09-01,182.82102108358234,5.909831140574937,0.18548236078130895
1988-10-01,238.39106762107048,28.92324843430157,0.7585472868956877
1988-11-01,193.71248616941298,-6.633859808019963,-0.15270400693019598
1988-12-01,165.74829594254714,41.10288014053364,0.880398341022213
1989-01-01,45.82021720038325,-52.228787172271616,-1.1100923948188353
1989-02-01,43.4195777951627,-75.74247139008071,-1.3436523487980663
1989-03-01,202.26613807977992,27.210577415396983,0.5796860786620855
1989-04-01,148.92601118078596,-18.668841272669567,-0.44969478088856485
1989-05-01,204.2133451852411,66.9345467817297,1.9151422320432436
1989-06-01,91.68754425009244,-16.987602645616676,-0.43437471017653545
1989-07-01,149.44814534414544,41.14845745231521,0.9545475863978136
1989-08-01,150.05664756460212,8.021665638663478,0.2320510273744536
1989-09-01,188.43939730269483,11.528207359687428,0.36181729490891384
1989-10-01,222.2858611328028,12.818041946033901,0.33616870399481213
1989-11-01,191.56042482052064,-8.785921156912309,-0.20224204370603655
1989-12-01,123.58680097473919,-1.0586148272743117,-0.022674876663806468
1990-01-01,60.692138867461885,-37.35686550519298,-0.793998377844797
1990-02-01,157.01947204870197,37.85742286345857,0.671581138248802
1990-03-01,134.79300608936285,-40.26255457502009,-0.8577415327212049
1990-04-01,138.24194046236374,-29.352911991091787,-0.7070525231578995
1990-05-01,185.5462191151569,48.267420711645485,1.3810353588873923
1990-06-01,109.61464690428676,0.9395000085776388,0.024023109820152613
1990-07-01,108.79889234961655,0.4992044577863197,0.01158037116825505
1990-08-01,185.66383953931847,43.628857613379836,1.2620971364801692
1990-09-01,183.03255682460335,6.1213668815959466,0.1921214927126459
1990-10-01,197.48469216757405,-11.983127019194853,-0.31427204691699295
1990-11-01,191.22804444361535,-9.1183015338176,-0.20989306691835194
1990-12-01,176.66587709094492,52.020461288931415,1.1142461954343927
1991-01-01,111.72349791356297,13.674493540908102,0.29064338087522046
1991-02-01,120.21739401421544,1.0553448289720393,0.018721551227675926
1991-03-01,144.04725640616087,-31.00830425822207,-0.6605917260410094
1991-04-01,207.1656182915626,39.570765838107064,0.9531800401137421
1991-05-01,187.45157308384796,50.172774680336545,1.4355516591819284
1991-06-01,130.32716078740265,21.652013891693528,0.5536441754110312
1991-07-01,129.62286113563016,21.32317324379993,0.494647547305967
1991-08-01,164.43810608404715,22.40312415810851,0.6480783681919572
1991-09-01,168.77811474902194,-8.133075193985462,-0.25525974456954914
1991-10-01,236.16668983841203,26.69887065164312,0.7002102803903755
1991-11-01,187.68633963443858,-12.660006342994365,-0.29141913641282646
1991-12-01,98.47928043789409,-26.166135364119413,-0.5604624806526831
1992-01-01,97.3762206137137,-0.6727837589411649,-0.014299626213696978
1992-02-01,79.52360971315248,-39.63843947209092,-0.7031759239155214
1992-03-01,177.86385106296018,2.808290398577242,0.05982698654437489
1992-04-01,162.8303932393793,-4.764459214076226,-0.1147662252323674
1992-05-01,158.84064355428504,21.56184515077362,0.6169310503241489
1992-06-01,169.69600310357694,61.02085620786782,1.5603094375918884
1992-07-01,138.68734451044088,30.38765661861065,0.7049222760098458
1992-08-01,138.62456164737605,-3.410420278562583,-0.09865675846730687
1992-09-01,197.15844256036777,20.247252617360374,0.635467939010891
1992-10-01,210.7620713089861,1.2942521222171877,0.03394333240600057
1992-11-01,165.50372805375704,-34.8426179236759,-0.8020379572162288
1992-12-01,110.24670754202552,-14.398708259987984,-0.308411450039853
1993-01-01,91.44732729208752,-6.601677080567342,-0.1403147941386301
1993-02-01,97.27178570144874,-21.89026348379467,-0.3883277559604582
1993-03-01,191.15371206985367,16.09815140547073,0.3429502475998716
1993-04-01,153.91083145531607,-13.68402099813946,-0.3296205015916824
1993-05-01,120.6800439190292,-16.598754484482214,-0.4749262860658693
1993-06-01,146.1811108458417,37.50596395013257,0.9590312747828585
1993-07-01,117.14821012581149,8.848522233981257,0.2052649373654459
1993-08-01,167.19157818048328,25.156596254544638,0.7277309064061218
1993-09-01,167.89794493912686,-9.013245003880542,-0.2828842181533905
1993-10-01,214.9528382456911,5.485019058922205,0.1438512805768474
1993-11-01,196.55575264091956,-3.790593336513382,-0.08725520404104871
1993-12-01,137.9045256490304,13.259109847016902,0.2840019549197803
1994-01-01,149.97889801188828,51.92989363923341,1.1037395871843818
1994-02-01,80.95699008365762,-38.20505910158579,-0.6777481174787422
1994-03-01,181.81600269876844,6.760442034385505,0.14402245395637045
1994-04-01,165.77673913750985,-1.8181133159456806,-0.04379468748506114
1994-05-01,187.81515861924387,50.53636021573246,1.4459546281609734
1994-06-01,122.43566378741183,13.760516891702707,0.351857802504875
1994-07-01,135.78287558620858,27.483187694378344,0.6375454173607397
1994-08-01,170.53046185826977,28.495479932331136,0.8243182515554569
1994-09-01,210.20996360120432,33.29877365819692,1.0450950293385142
1994-10-01,244.83683865544702,35.36901946867812,0.9275954538463448
1994-11-01,220.21175022045765,19.8654042430247,0.4572793087262147
1994-12-01,141.54444117319994,16.89902537118644,0.3619667004067922
1995-01-01,66.81913060034374,-31.229873772311123,-0.6637727437829559
1995-02-01,112.2947833623661,-6.8672658228773,-0.12182356455216187
1995-03-01,188.44001520530077,13.38445454091783,0.2851384536759345
1995-04-01,184.73595976074614,17.14110730729061,0.4128947470362834
1995-05-01,161.07059730403006,23.791798900518643,0.6807348527995187
1995-06-01,142.11395190559708,33.43880500988796,0.8550336111474596
1995-07-01,136.09207108149104,27.79238318966081,0.6447180267857462
1995-08-01,110.92479025273632,-31.110191673202323,-0.8999567252949704
1995-09-01,190.2768207819155,13.36563083890809,0.4194855491405735
1995-10-01,235.81742136543141,26.349602178662508,0.6910502908691625
1995-11-01,207.75184400252652,7.4054980250935785,0.17046625259977746
1995-12-01,129.42274166187107,4.777325859857569,0.10232737334125207
1996-01-01,105.35026678239282,7.301262409737959,0.15518407208830906
1996-02-01,135.22571557142948,16.06366638618607,0.28496539225592415
1996-03-01,221.21929411845704,46.163733454074105,0.9834584990192696
1996-04-01,149.07116095600972,-18.52369149744581,-0.4461984151842386
1996-05-01,170.7400875438779,33.46128914036649,0.9573998936647438
1996-06-01,96.70473412246596,-11.970412773243154,-0.30608465994539036
1996-07-01,88.8130401387335,-19.486647753096733,-0.4520444685261533
1996-08-01,124.05631003505627,-17.978671890882367,-0.5200876564835943
1996-09-01,164.49774361038027,-12.413446332627132,-0.3896008661566879
1996-10-01,236.02146747491264,26.553648288143734,0.6964016476885799
1996-11-01,263.8260462114805,63.479700234047556,1.4612314497131427
1996-12-01,93.47599584809319,-31.16941995392031,-0.6676297506216514
1997-01-01,87.2175881349408,-10.831416237714066,-0.23021543178753204
1997-02-01,3.267256163223875,-115.89479302201953,-2.055944412686484
1997-03-01,193.9285081802254,18.87294751584247,0.40206368175279894
1997-04-01,185.85760753892902,18.262755085473486,0.4399129826341464
1997-05-01,110.1942645790919,-27.084533824419523,-0.7749471245618123
1997-06-01,113.3815680451998,4.70642114949068,0.12034366269487921
1997-07-01,113.6106217180184,5.310933826188162,0.12320119341487437
1997-08-01,127.14207548396155,-14.89290644197709,-0.43082252441379565
1997-09-01,157.26911611072285,-19.642073832284552,-0.6164741662480863
1997-10-01,203.03879388402896,-6.429025302739944,-0.16860898981850045
1997-11-01,221.25288264051815,20.906536663085205,0.48124500846801016
1997-12-01,212.41702916735568,87.77161336534218,1.880013822181929
1998-01-01,81.45650615933432,-16.59249821332054,-0.3526638674740477
1998-02-01,69.01327021443981,-50.14877897080359,-0.8896266971069522
1998-03-01,196.30344790133776,21.247887236954824,0.45265869386788316
1998-04-01,211.92589805623635,44.33104560278082,1.067845590828831
1998-05-01,159.1431244303025,21.864326026791076,0.6255856827658313
1998-06-01,100.2625137130489,-8.412633182660215,-0.21511187757163847
1998-07-01,147.5641830588929,39.26449516706266,0.910844085377482
1998-08-01,135.98524168748332,-6.049740238455314,-0.17500709963723052
1998-09-01,207.6261411328695,30.71495118986209,0.9640007510306048
1998-10-01,166.88485848676794,-42.58296070000097,-1.1167898163424752
1998-11-01,157.65775385677568,-42.68859212065726,-0.9826434769019977
1998-12-01,106.23005514002433,-18.41536066198917,-0.3944456670848393
1999-01-01,98.12348682025866,0.07448244760379907,0.0015830809618410208
1999-02-01,117.874795135046,-1.2872540501974044,-0.022835562351007192
1999-03-01,241.64544020935642,66.58987954497348,1.4186110629965527
1999-04-01,181.2435759783225,13.648723524866966,0.3287702565616155
1999-05-01,124.94390655112927,-12.334891852382142,-0.35292794901886537
1999-06-01,89.0074983672798,-19.667648528429325,-0.5029037532611962
1999-07-01,153.26888641324365,44.96919852141342,1.043179807179968
1999-08-01,187.4812754845738,45.446293558635176,1.3146719877992066
1999-09-01,170.4183396904102,-6.492850252597208,-0.2037806435420568
1999-10-01,193.5649316674297,-15.902887519339203,-0.4170725224382405
1999-11-01,235.36975741788436,35.02341144045141,0.8061996210495895
1999-12-01,154.83886220236778,30.193446400354276,0.6467249990688826
2000-01-01,72.77917354781009,-25.269830824844774,-0.5370955087372112
2000-02-01,134.23145538614614,15.069406200902733,0.26732746720866574
2000-03-01,119.96491260629575,-55.09064805808718,-1.1736348426650867
2000-04-01,171.97292560081846,4.378073147362926,0.10545896319766346
2000-05-01,104.92618290636898,-32.35261549714244,-0.9256783415249272
2000-06-01,125.64171039624996,16.966563500540843,0.43383673711845744
2000-07-01,86.57617327251366,-21.723514619316575,-0.5039345271199113
2000-08-01,147.2139870625849,5.1790051366462535,0.14981844380845713
2000-09-01,159.42210649641103,-17.489083446596368,-0.5489017212868152
2000-10-01,216.26797068472493,6.800151497956023,0.17834222462843316
2000-11-01,188.32904624220063,-12.017299735232314,-0.27662475167663886
2000-12-01,146.04124208598475,21.395826283971246,0.4582854024049709
2001-01-01,82.20520154579185,-15.843802826863012,-0.3367507839134229
2001-02-01,135.99447943331003,16.83243024806663,0.2986030693706183
2001-03-01,146.36234380483842,-28.69321685954452,-0.61127179006861
2001-04-01,165.80607714159723,-1.788775311858302,-0.04308799406327413
2001-05-01,127.20173291822526,-10.077065485286155,-0.2883266506437999
2001-06-01,115.50199673896955,6.826849843260433,0.17456323790632955
2001-07-01,151.61605969310338,43.31637180127315,1.0048381085082252
2001-08-01,148.34021331571466,6.305231389776026,0.1823979567010424
2001-09-01,145.34948320854292,-31.56170673446448,-0.9905765048350078
2001-10-01,167.74805789118727,-41.719761295581634,-1.0941513645185188
2001-11-01,169.51458247449008,-30.831763502942863,-0.7097125902376895
2001-12-01,150.75074178209496,26.10532598008146,0.5591599811528294
2002-01-01,75.73547731170477,-22.313527060950094,-0.47426099729720445
2002-02-01,86.54380012384,-32.618249061403404,-0.5786395157258455
2002-03-01,160.4475037341037,-14.608056930279247,-0.3112057164209404
2002-04-01,150.57437217937883,-17.020480274076704,-0.40998908478986545
2002-05-01,69.15267463052957,-68.12612377298184,-1.9492358283757867
2002-06-01,57.59147995749739,-51.08366693821173,-1.306214507364048
2002-07-01,86.2413644190356,-22.058323472794626,-0.5117013063087168
2002-08-01,129.12932128123873,-12.905660644699907,-0.3733354076881765
2002-09-01,166.14659357570795,-10.764596367299447,-0.337851065380924
2002-10-01,167.49575710990783,-41.97206207686108,-1.1007682586601262
2002-11-01,155.8509100078871,-44.49543596954584,-1.024234994300195
2002-12-01,121.41613834167983,-3.2292774603336767,-0.06916913143452733
2003-01-01,58.05047303144882,-39.998531341206046,-0.850145443725119
2003-02-01,86.26425132200205,-32.89779786324135,-0.5835986409999441
2003-03-01,165.78938666957777,-9.266173994805172,-0.19740382518342955
2003-04-01,161.4445183155726,-6.150334137882936,-0.14814916052533522
2003-05-01,125.56870178350269,-11.710096620008727,-0.3350512053426952
2003-06-01,132.2855249495454,23.61037805383627,0.6037197442300585
2003-07-01,111.95448370350829,3.6547958116780563,0.08478268048946842
2003-08-01,120.17830071629658,-21.856681209642062,-0.6322708472474302
2003-09-01,146.46375108165023,-30.44743886135717,-0.9556047720171722
2003-10-01,176.98483503992864,-32.482984146840266,-0.8519056754925086
2003-11-01,175.5558660225262,-24.790479954906743,-0.5706490237041759
2003-12-01,73.53059917316816,-51.11481662884535,-1.0948478454022472
2004-01-01,85.04875708977555,-13.000247282879315,-0.27631267009681315
2004-02-01,107.31970150067305,-11.842347684570356,-0.2100802626271335
2004-03-01,109.3907063682557,-65.66485429612723,-1.3989045991835618
2004-04-01,129.70527717730386,-37.889575276151675,-0.9126835459635005
2004-05-01,116.37939253580014,-20.89940586771128,-0.5979772288947726
2004-06-01,66.19955596101886,-42.47559093469026,-1.086105137183316
2004-07-01,80.07376015694734,-28.225927734882887,-0.6547752421678111
2004-08-01,165.06329109276064,23.028309166821998,0.6661637422409362
2004-09-01,164.3239194287805,-12.587270514226901,-0.39505640605234515
2004-10-01,168.6168603304951,-40.85095885627382,-1.0713659663056498
2004-11-01,154.06442114564413,-46.281924831788814,-1.0653579627522662
2004-12-01,107.73237405731318,-16.913041744700323,-0.36226692248238834
2005-01-01,41.21762990620423,-56.83137446645063,-1.2079177020561143
2005-02-01,53.838611371280656,-65.32343781396276,-1.1588213196564665
2005-03-01,220.25010442187306,45.19454375749012,0.9628111688977647
2005-04-01,152.4609106207997,-15.133941832655836,-0.36454617386348753
2005-05-01,129.4304036541845,-7.848394749326928,-0.2245595579693268
2005-06-01,118.84587084617786,10.17072395046874,0.26006643553146463
2005-07-01,100.68374895036965,-7.615938941460584,-0.17667189938162037
2005-08-01,160.57261291664997,18.537630990711335,0.536257245097515
2005-09-01,183.28037913627472,6.369189193267317,0.1998994928499925
2005-10-01,177.6233247752852,-31.84449441148371,-0.8351605074120424
2005-11-01,162.75679501424375,-37.5895509631892,-0.8652692726256244
2005-12-01,137.88530209648283,13.23988629446933,0.2835901982809859
2006-01-01,100.0577789754162,2.008774602761335,0.042695332022077995
2006-02-01,161.15312184975045,41.991072664507044,0.7449110436816847
2006-03-01,200.45245282953755,25.39689216515461,0.5410478654926233
2006-04-01,142.0174927393006,-25.577359714154937,-0.6161070740476744
2006-05-01,162.45071051160173,25.17191210809031,0.7202228782796976
2006-06-01,125.78133310106112,17.106186205352003,0.4374069037394704
2006-07-01,59.9672884095087,-48.332399482321534,-1.1211981718665651
2006-08-01,133.94940377314998,-8.085578152788656,-0.23389989084407373
2006-09-01,179.6410433869479,2.729853443940499,0.08567751756775425
2006-10-01,189.13278490504595,-20.335034281722955,-0.5333109494381117
2006-11-01,174.0333737930179,-26.31297218441506,-0.6056950859807617
2006-12-01,42.58351266832528,-82.06190313368822,-1.7577153506763155
2007-01-01,20.830398291104377,-77.21860608155049,-1.6412364136831705
2007-02-01,73.85491776924404,-45.307131415999365,-0.8037370899991878
2007-03-01,84.01210360500623,-91.0434570593767,-1.939562832677216
2007-04-01,123.2895254406654,-44.30532701279013,-1.067226081801907
2007-05-01,143.62617164253123,6.3473732390198165,0.18161208429823972
2007-06-01,87.42753159071567,-21.247615304993445,-0.5433036628291116
2007-07-01,108.12242648890886,-0.17726140292137416,-0.0041120482952774155
2007-08-01,171.6493870231052,29.614405097166554,0.8566865583075755
2007-09-01,173.6299640126445,-3.2812259303628935,-0.10298255861187733
2007-10-01,188.6819778909695,-20.7858412957994,-0.5451339104107695
2007-11-01,236.72257120518015,36.3762252277472,0.8373398760336844
2007-12-01,122.27789052098525,-2.36752528102825,-0.05071093126853467
2008-01-01,104.08013546543046,6.0311310927755954,0.12818817209295738
2008-02-01,54.76125038692652,-64.40079879831688,-1.1424539361038397
2008-03-01,181.76646862222415,6.710907957841215,0.14296719466680244
2008-04-01,162.658832275238,-4.936020178217518,-0.11889878327663628
2008-05-01,120.46844408844034,-16.81035431507108,-0.4809806151281906
2008-06-01,113.35478663861095,4.679639742901827,0.11965885943170926
2008-07-01,82.45906865051231,-25.840619241317924,-0.5994416863963655
2008-08-01,128.05881860857107,-13.976163317367565,-0.4043029468738434
2008-09-01,109.5150810529142,-67.3961088900932,-2.115253225863322
2008-10-01,177.91377852488512,-31.55404066188379,-0.8275430053797876
2008-11-01,131.55165224039095,-68.794693737042,-1.5835766345984195
2008-12-01,86.59927293422021,-38.04614286779329,-0.8149249139859531
2009-01-01,95.60919123046756,-2.4398131421873046,-0.05185680465808476
2009-02-01,171.18805575679673,52.026006571553324,0.9229282415203321
2009-03-01,116.00408664240179,-59.05147402198115,-1.2580151053923843
2009-04-01,178.76438016706493,11.169527713609398,0.2690514234085659
2009-05-01,129.05941778188824,-8.219380621623174,-0.23517426660166904
2009-06-01,84.66793955170041,-24.007207344008705,-0.6138667091375929
2009-07-01,72.09660480014878,-36.20308309168145,-0.8398265141620672
2009-08-01,168.74502637007842,26.710044444139783,0.7726691105904337
2009-09-01,192.27856502498315,15.367375081975752,0.4823110747863813
2009-10-01,196.15472657337818,-13.313092613390722,-0.3491520084618881
2009-11-01,220.75263823724768,20.406292259814734,0.4697299437795078
2009-12-01,104.05293773859319,-20.592478063420316,-0.4410781790128876
2010-01-01,66.23653587485776,-31.8124684977971,-0.6761554547176434
2010-02-01,196.35623139467597,77.19418220943257,1.369405332776526
2010-03-01,166.85098854688837,-8.204572117494564,-0.17478777334579837
2010-04-01,178.94124729343395,11.346394839978416,0.27331179621249263
2010-05-01,108.53974341458466,-28.739054988926753,-0.8222865555179963
2010-06-01,140.13593564648997,31.46078875078085,0.8044555362302301
2010-07-01,126.64719577340085,18.34750788157062,0.4256190984817269
2010-08-01,121.871027180206,-20.16395474573264,-0.5833035962165641
2010-09-01,170.30655752906173,-6.604632413945666,-0.20728897037694707
2010-10-01,178.29279902289377,-31.175020163875132,-0.8176027328998351
2010-11-01,190.6234746217024,-9.722871355730547,-0.22380958564905706
2010-12-01,126.75216651171294,2.1067507096994404,0.0451253007921862
2011-01-01,60.99106122985648,-37.057943142798386,-0.7876449574591963
2011-02-01,129.0484347740805,9.8863855888371,0.17538198812065683
2011-03-01,147.41446383132268,-27.64109683306026,-0.5888577367714756
2011-04-01,113.93583803373512,-53.65901441972041,-1.2925375699400328
2011-05-01,92.30135792991636,-44.97744047359505,-1.286901904648513
2011-06-01,77.94720703840304,-30.727939857306083,-0.7857165162315233
2011-07-01,75.9478386497735,-32.35184924205673,-0.7504869324760958
2011-08-01,134.20361373668777,-7.831368189250867,-0.22654609602577028
2011-09-01,176.73290150759274,-0.17828843541465744,-0.0055956522469268796
2011-10-01,203.5751261278983,-5.892693058870606,-0.15454302591455393
2011-11-01,156.40129620350078,-43.94504977393217,-1.0115657218311465
2011-12-01,60.46728303227193,-64.17813276974158,-1.3746560198992965
2012-01-01,57.336943230297294,-40.71206114235757,-0.8653111032898776
2012-02-01,125.55997890800548,6.397929722762072,0.11349766044945869
2012-03-01,140.94155010797178,-34.11401055641116,-0.7267547727852752
2012-04-01,238.18566183480496,70.59080938134943,1.7003904041952933
2012-05-01,120.04039838855311,-17.2384000149583,-0.49322792890730305
2012-06-01,92.44249579129108,-16.23265110441804,-0.41507052324995325
2012-07-01,91.90857796620048,-16.39110992562975,-0.3802352599978398
2012-08-01,126.0282959081704,-16.00668601776823,-0.46304197938400804
2012-09-01,201.61320193866428,24.702011995656875,0.7752823036762623
2012-10-01,162.4075978198072,-47.06022136696171,-1.2342114102330184
2012-11-01,167.3914382690321,-32.95490770840084,-0.7585849868282997
2012-12-01,123.03434714836176,-1.611068653651742,-0.03450809688027543
2013-01-01,55.42280305327503,-42.62620131937983,-0.9059950358139262
2013-02-01,79.94012834242415,-39.22192084281926,-0.6957869884310065
2013-03-01,117.69931778020023,-57.356242884182706,-1.2219004035360324
2013-04-01,72.63999003990634,-94.9548624135492,-2.28727136428531
2013-05-01,61.749306136645174,-75.52949226686624,-2.1610622221250684
2013-06-01,41.83655264809364,-66.83859424761548,-1.709069585072172
2013-07-01,51.468738626168424,-56.83094926566181,-1.3183445701968064
2013-08-01,112.0318254346812,-30.003156491257442,-0.8679323723885364
2013-09-01,146.17283333754602,-30.738356605461377,-0.9647353391494797
2013-10-01,132.85656475077468,-76.61125443599423,-2.0092231109552388
2013-11-01,123.02242386916505,-77.3239221082679,-1.7799098984901764
2013-12-01,60.43128466094297,-64.21413114107054,-1.3754270828099529
2014-01-01,35.31020856916159,-62.738795803493275,-1.333476495478051
2014-02-01,41.890244688193604,-77.2718044970498,-1.3707823325913173
2014-03-01,151.40680573863548,-23.648754925747454,-0.5038060677238745
2014-04-01,145.47487698137184,-22.119975472083695,-0.5328256519991662
2014-05-01,88.78682767986756,-48.49197072364386,-1.3874602206644693
2014-06-01,47.90949329958779,-60.76565359612133,-1.5537838811124824
2014-07-01,38.97958288384453,-69.3201050079857,-1.6080636558708408
2014-08-01,105.38924261187516,-36.645739314063476,-1.060089243278615
2014-09-01,120.15211928353412,-56.75907065947328,-1.7814056224706336
2014-10-01,130.95455546007528,-78.51326372669362,-2.0591056125832154
2014-11-01,155.72040653268095,-44.62593944475199,-1.0272390378222185
2014-12-01,57.38660813454865,-67.25880766746485,-1.4406421760983528
2015-01-01,29.660221873061207,-68.38878249959366,-1.4535636658249522
2015-02-01,93.32935775126533,-25.83269143397807,-0.4582654339634604
2015-03-01,146.64142185977417,-28.41413880460877,-0.6053263938781268
2015-04-01,110.668860930812,-56.92599152264353,-1.3712324675509378
2015-05-01,130.20516172434122,-7.073636679170193,-0.2023920529795344
2015-06-01,90.04797766748666,-18.627169228222456,-0.47629859278620346
2015-07-01,68.58257079312551,-39.71711709870472,-0.921343851326189
2015-08-01,109.69999028502275,-32.33499164091589,-0.9353877820902378
2015-09-01,152.16968377986652,-24.741506163140883,-0.7765218435628983
2015-10-01,160.3472283570731,-49.1205908296958,-1.2882470995336075
2015-11-01,169.319212322984,-31.02713365444896,-0.71420979184172
2015-12-01,23.663931530492974,-100.98148427152053,-2.1629611093587253
2016-01-01,22.98947410064832,-75.05953027200654,-1.5953465172146477
2016-02-01,77.0286890518612,-42.1333601333822,-0.747435187510766
2016-03-01,130.5392415517016,-44.516319112681344,-0.9483624720252493
2016-04-01,189.05189537095012,21.45704291749459,0.5168569421298357
2016-05-01,155.9187104845957,18.639912081084276,0.5333282220385727
2016-06-01,76.38071042222771,-32.29443647348141,-0.8257719924419501
2016-07-01,54.45773939188251,-53.84194849994772,-1.249006771326461
2016-08-01,81.25982429635125,-60.77515762958738,-1.7581059099266898
2016-09-01,119.44467260693003,-57.466517336077374,-1.803609112990441
2016-10-01,138.16446315934246,-71.30335602742645,-1.8700170343597053
2016-11-01,175.17450602242718,-25.171839955005765,-0.5794275028676362
2016-12-01,91.78718248600474,-32.858233316008764,-0.7038030912049694
2017-01-01,41.960785415978044,-56.08821895667682,-1.1921223653417743
2017-02-01,60.23506394015876,-58.926985245084644,-1.0453498635445386
2017-03-01,183.21808593846862,8.16252527408568,0.17389201985245198
2017-04-01,141.0403154218416,-26.554537031613933,-0.6396453072591437
2017-05-01,101.98713035456,-35.29166804895142,-1.0097709952410834
2017-06-01,91.00975078648946,-17.665396109219657,-0.4517059572897391
2017-07-01,114.47927257763749,6.1795846858072565,0.14335185355645252
2017-08-01,145.10103659112994,3.0660546651913023,0.08869493782122048
2017-09-01,167.20251898580534,-9.70867095720206,-0.30471043357350125
2017-10-01,189.62431271953395,-19.84350646723496,-0.5204200360623009
2017-11-01,171.66621248487024,-28.680133492562703,-0.6601844823902647
2017-12-01,77.06690817621605,-47.57850762579746,-1.0191022876948437
2018-01-01,31.735733966153,-66.31327040650186,-1.4094498673885425
2018-02-01,81.07968161675225,-38.08236756849115,-0.6755716006105346
2018-03-01,147.57116294261166,-27.484397721771273,-0.5855194653351059
2018-04-01,146.54011720776649,-21.054735245689045,-0.5071661606999653
2018-05-01,77.70721145426627,-59.571586949245145,-1.7044720175423185
2018-06-01,80.64093875086088,-28.034208144848236,-0.7168375251047713
2018-07-01,61.2499665546755,-47.04972133715473,-1.0914430509361375
2018-08-01,116.83283775825197,-25.20214416768667,-0.7290485180488244
2018-09-01,151.41016301916244,-25.50102692384496,-0.8003596995704225
2018-10-01,133.652776760313,-75.8150424264559,-1.9883414848474057
2018-11-01,101.70059631365358,-98.64574966377937,-2.270714437178955
2018-12-01,111.61911003524112,-13.026305766772381,-0.2790154351107133
2019-01-01,40.55074424266898,-57.49826012998588,-1.2220919676936135
2019-02-01,80.59924246181308,-38.56280672343033,-0.6840944701068832
2019-03-01,82.67007028269062,-92.38549038169232,-1.9681531129263514
2019-04-01,181.87677829517668,14.281925841721147,0.34402282489068114
2019-05-01,94.52157719602089,-42.75722120749053,-1.2233766268158492
2019-06-01,44.696147989077424,-63.978998906631695,-1.63594944426275
2019-07-01,93.88252535265512,-14.41716253917511,-0.33444431593632595
2019-08-01,104.74640668987436,-37.288575236064275,-1.0786852235715987
2019-09-01,137.12440873630166,-39.78678120670574,-1.2487236827195132
2019-10-01,169.69731222469406,-39.77050696207485,-1.0430298043137636
2019-11-01,125.59898692779757,-74.74735904963538,-1.7206003088172312
2019-12-01,99.34351383232695,-25.301901969686554,-0.5419511343890341
2020-01-01,39.82149616925031,-58.227508203404554,-1.2375917099634883
2020-02-01,50.1202987045252,-69.0417504807182,-1.2247832490279162
2020-03-01,151.81160290390798,-23.243957760474956,-0.4951823888578184
2020-04-01,238.94113377631393,71.3462813228584,1.7185882014898521
2020-05-01,108.34713074441112,-28.9316676591003,-0.8277976208319795
2020-06-01,83.09146015574184,-25.583686739967277,-0.6541774460322706
2020-07-01,96.60167367240824,-11.698014219421992,-0.27136646013369076
2020-08-01,99.93060000832324,-42.1043819176154,-1.21799704962234
2020-09-01,198.58068787769454,21.669497934687143,0.6801056643186005
2020-10-01,179.57359234682386,-29.89422683994505,-0.784012373810395
2020-11-01,224.35302080090932,24.006674823476374,0.5526067093222579
2020-12-01,43.27604236689801,-81.36937343511549,-1.7428817916739432
2021-01-01,43.22075548029803,-54.82824889235683,-1.1653424368420449
2021-02-01,6.480835188190593,-112.68121399705281,-1.9989363308837793
2021-03-01,59.0966146828652,-115.95894598151773,-2.4703550261222538
2021-04-01,103.66420289771708,-63.930649555738455,-1.5399605698142187
2021-05-01,178.25030528149125,40.971506877979834,1.1722834755024798
2021-06-01,46.583281048973994,-62.091865846735125,-1.5876952619006117
2021-07-01,70.11367000137263,-38.186017890457606,-0.8858259450848299
2021-08-01,129.26678240381983,-12.768199522118806,-0.3693589274712443
2021-09-01,166.0486203588432,-10.862569584164191,-0.3409259930946191
2021-10-01,186.32947918172997,-23.13834000503894,-0.6068310436830804
2021-11-01,116.34885219743776,-83.99749377999518,-1.9335280279502822
2021-12-01,87.57146535223815,-37.07395044977535,-0.7941011520244815
2022-01-01,30.339064286730952,-67.7099400859239,-1.4391352664403436
2022-02-01,25.048813968248762,-94.11323521699464,-1.6695450680641568
2022-03-01,58.0716797515778,-116.98388091280515,-2.4921899362063598
2022-04-01,80.46359750139003,-87.1312549520655,-2.0988164199336965
2022-05-01,116.82103619684575,-20.457762206665663,-0.5853408480204716
2022-06-01,44.292814173178954,-64.38233272253017,-1.6462627305480577
2022-07-01,113.53691068127169,5.237222789441461,0.12149127045363138
2022-08-01,85.33513442848557,-56.699847497453064,-1.6402151942537222
2022-09-01,181.9133119686598,5.0021220256523975,0.15699355534275528
2022-10-01,148.51545387095635,-60.95236531581256,-1.5985497426129933
2022-11-01,165.921487261487,-34.42485871594596,-0.7924216091476092
2022-12-01,92.32041727113501,-32.32499853087849,-0.6923815309980225
2023-01-01,23.141897401578014,-74.90710697107684,-1.5921068488953904
2023-02-01,29.344564391327154,-89.81748479391625,-1.5933395384598579
2023-03-01,96.66615458888057,-78.38940607550236,-1.6699846799592393
2023-04-01,73.86123597619199,-93.73361647726354,-2.2578540096831787
2023-05-01,60.428842242997256,-76.84995616051415,-2.1988435516507603
2023-06-01,84.40593109263601,-24.26921580307311,-0.6205662918182172
2023-07-01,39.73608733100316,-68.56360056082707,-1.5905145291515388
2023-08-01,57.42989225575165,-84.60508967018698,-2.44745902701895
2023-09-01,134.08208652652525,-42.829103416482155,-1.344208154661945
2023-10-01,177.93769924323385,-31.530119943535055,-0.8269156555146698
2023-11-01,217.7140950418075,17.36774906437455,0.3997860898841857
2023-12-01,92.31767710737464,-32.32773869463887,-0.6924402236156812
